class,row,n_neighbors,max_abs_delta,mean_delta,any_flip,any_risk_increasing,any_protective
0,552,1,0.009898634627461433,-0.009898634627461433,False,False,True
0,1476,1,0.05716454889625311,-0.05716454889625311,False,False,True
0,3942,2,0.01784844882786274,-0.010678236838430166,False,False,True
0,7288,4,0.0065011754631996155,-0.005918094888329506,False,False,True
0,8116,1,0.000505596399307251,-0.000505596399307251,False,False,True
0,10240,1,0.0001432010903954506,0.0001432010903954506,False,True,False
0,10461,1,0.10067401500418782,-0.10067401500418782,False,False,True
0,11253,1,0.00017644069157540798,-0.00017644069157540798,False,False,True
0,11637,2,0.00016656052321195602,-8.261657785624266e-05,False,True,True
0,17791,1,0.035338619723916054,-0.035338619723916054,False,False,True
0,23091,1,0.06748876348137856,-0.06748876348137856,False,False,True
0,23402,1,0.027289150282740593,0.027289150282740593,False,True,False
0,26899,4,0.001115820137783885,-0.000382640166208148,False,True,True
0,27625,2,0.03614683169871569,-0.014084251946769655,False,True,True
0,28901,1,0.006184078752994537,0.006184078752994537,False,True,False
0,30009,1,0.010258985683321953,-0.010258985683321953,False,False,True
0,30904,1,0.02542039379477501,0.02542039379477501,False,True,False
0,30980,1,0.12552636861801147,-0.12552636861801147,False,False,True
0,34106,1,0.28270914033055305,-0.28270914033055305,False,False,True
0,41632,1,0.0005345726385712624,-0.0005345726385712624,False,False,True
0,44046,1,0.0006226762197911739,-0.0006226762197911739,False,False,True
0,44551,2,0.0035113333724439144,-0.001647195778787136,False,True,True
0,45631,1,0.025125835090875626,0.025125835090875626,False,True,False
0,47008,1,0.0007392838597297668,-0.0007392838597297668,False,False,True
0,47079,1,0.0861473293043673,-0.0861473293043673,False,False,True
0,49725,1,0.005735911428928375,-0.005735911428928375,False,False,True
0,50313,1,0.22553836833685637,-0.22553836833685637,False,False,True
0,50707,3,0.00019142241217195988,-5.516394351919492e-05,False,True,True
0,53774,1,0.0726542635820806,-0.0726542635820806,False,False,True
0,54163,1,0.021208406426012516,-0.021208406426012516,False,False,True
0,55396,1,0.0007789391092956066,0.0007789391092956066,False,True,False
0,59191,5,0.00016309833154082298,-4.564039409160614e-05,False,True,True
0,60076,3,0.06337529420852661,-0.008925974369049072,False,True,True
0,65258,1,0.0010528482962399721,-0.0010528482962399721,False,False,True
0,65870,1,0.07074897037819028,-0.07074897037819028,False,False,True
0,73830,5,0.1995227038860321,-0.032741352915763855,False,True,True
0,75343,1,0.009063598699867725,-0.009063598699867725,False,False,True
0,78151,1,0.001331533771008253,-0.001331533771008253,False,False,True
0,78393,1,0.025134779512882233,0.025134779512882233,False,True,False
0,80169,5,0.00016082916408777237,-4.503973759710789e-05,False,True,True
0,81415,1,0.0025462619960308075,-0.0025462619960308075,False,False,True
0,81578,2,0.334922730922699,-0.2193915843963623,True,False,True
0,85859,1,0.07014223746955395,-0.07014223746955395,False,False,True
0,86160,1,0.44585119374096394,-0.44585119374096394,False,False,True
0,86318,4,0.00011666887439787388,-6.810046033933759e-05,False,False,True
0,86516,1,0.03937410865910351,-0.03937410865910351,False,False,True
0,87863,1,0.0019089479465037584,-0.0019089479465037584,False,False,True
0,90806,1,0.0010273666121065617,0.0010273666121065617,False,True,False
0,91161,3,0.013981632888317108,-0.007424503564834595,False,False,True
0,92526,2,0.0009531930554658175,-0.0005459198728203773,False,False,True
0,94557,1,0.45595943089574575,0.45595943089574575,False,True,False
0,94864,4,9.975279681384563e-05,-7.363059557974339e-05,False,False,True
0,97977,1,0.6671445434913039,-0.6671445434913039,False,False,True
0,100082,1,0.02541346102952957,0.02541346102952957,False,True,False
0,102521,1,0.06748207099735737,-0.06748207099735737,False,False,True
0,102608,1,0.06206920510157943,-0.06206920510157943,False,False,True
0,104008,1,0.001809052424505353,-0.001809052424505353,False,False,True
0,104020,5,0.004572371020913124,-0.002612106502056122,False,True,True
0,105444,1,0.06415163399651647,-0.06415163399651647,False,False,True
0,105557,4,0.06583794765174389,-0.012612041318789124,False,True,True
0,106789,1,0.009001311846077442,-0.009001311846077442,False,False,True
0,107592,1,0.04114708513952792,-0.04114708513952792,False,False,True
0,110319,2,0.0001568896695971489,-8.709891699254513e-05,False,False,True
0,117913,3,0.003695367369800806,-0.0014330451376736164,False,True,True
0,118864,1,0.2738131582736969,-0.2738131582736969,False,False,True
0,120320,1,0.0007218825630843639,-0.0007218825630843639,False,False,True
0,120496,2,0.31883983314037323,-0.10405809304211289,False,True,True
0,121010,2,0.0007565049454569817,-0.0005555803654715419,False,False,True
0,121446,1,0.11753320693969727,-0.11753320693969727,False,False,True
0,123530,2,0.006797328591346741,-0.0052431002259254456,False,False,True
0,124229,1,0.024501748383045197,-0.024501748383045197,False,False,True
0,124836,2,0.0005470523610711098,-0.00036463653668761253,False,False,True
0,125393,1,0.902754683047533,-0.902754683047533,False,False,True
0,128506,1,0.003976812586188316,-0.003976812586188316,False,False,True
0,129169,2,0.023162122815847397,-0.021224774420261383,False,False,True
0,129282,1,0.00026381947100162506,0.00026381947100162506,False,True,False
0,130189,2,0.00094579067081213,-0.0006363687571138144,False,False,True
0,132850,1,0.002407236024737358,0.002407236024737358,False,True,False
0,134107,2,0.0023416553158313036,-0.0015387926250696182,False,False,True
0,134809,2,0.03227558918297291,-0.018298675306141376,False,False,True
0,135091,1,0.0025602024979889393,-0.0025602024979889393,False,False,True
0,136340,2,0.00016668392345309258,-8.332019206136465e-05,False,True,True
0,137053,3,0.00187687948346138,-0.0008205162982145945,False,True,True
0,138246,1,0.0009510554373264313,-0.0009510554373264313,False,False,True
0,143087,1,0.2132264981046319,-0.2132264981046319,False,False,True
0,143739,1,0.002319570630788803,0.002319570630788803,False,True,False
0,145607,2,0.1750171110033989,-0.07000219263136387,False,True,True
0,149409,3,0.01460421271622181,0.0004658435160915057,False,True,True
0,151171,1,0.16037582606077194,-0.16037582606077194,False,False,True
0,151714,2,0.0008105989545583725,-0.000496295397169888,False,False,True
0,152551,1,0.002635733224451542,-0.002635733224451542,False,False,True
0,153375,1,0.0015759719535708427,-0.0015759719535708427,False,False,True
0,156715,2,0.6135707944631577,0.23540302366018295,True,True,True
0,159052,1,0.03553410549648106,-0.03553410549648106,False,False,True
0,163356,2,0.0014763600192964077,-0.001108777243643999,False,False,True
0,165036,2,0.0024304790422320366,-0.0015036370605230331,False,False,True
0,167673,2,0.0003799877595156431,-0.00014458759687840939,False,True,True
0,168320,1,0.0020212167873978615,-0.0020212167873978615,False,False,True
0,172467,2,0.0003193337470293045,-0.00014661147724837065,False,True,True
0,172666,1,0.8423792608082294,-0.8423792608082294,False,False,True
0,175297,5,0.025000005960464478,-0.006937277317047119,False,True,True
0,176175,5,0.0181119441986084,-0.008617281913757324,False,False,True
0,176551,3,0.007995572406798601,-0.0026793906775613627,False,True,True
0,180608,1,0.00023872405290603638,-0.00023872405290603638,False,False,True
0,180788,1,0.05389208113774657,-0.05389208113774657,False,False,True
0,181987,1,0.009557295590639114,-0.009557295590639114,False,False,True
0,184025,1,0.7166017610579729,-0.7166017610579729,False,False,True
0,185067,1,0.00016581779345870018,0.00016581779345870018,False,True,False
0,186096,2,0.07612847164273262,-0.04616390913724899,False,False,True
0,186591,1,0.02574177458882332,0.02574177458882332,False,True,False
0,189016,1,0.08759215846657753,-0.08759215846657753,False,False,True
0,190019,4,0.0009085456840693951,-0.0004054292803630233,False,True,True
0,192379,1,0.49135809391736984,-0.49135809391736984,False,False,True
0,192541,2,0.00035587185993790627,-0.0001512675080448389,False,True,True
0,195779,1,0.31027752161026,-0.31027752161026,False,False,True
0,196644,1,0.001575517002493143,-0.001575517002493143,False,False,True
0,202531,1,0.023130428977310658,-0.023130428977310658,False,False,True
0,204005,3,0.060424935072660446,-0.014116594257454077,False,True,True
0,204548,1,0.004581869347020984,-0.004581869347020984,False,False,True
0,204565,1,0.06399325421079993,-0.06399325421079993,False,False,True
0,209642,1,0.005830053240060806,-0.005830053240060806,False,False,True
0,211569,1,0.00012079533189535141,0.00012079533189535141,False,True,False
0,212152,1,0.06302703404799104,-0.06302703404799104,False,False,True
0,213328,2,0.0016139750368893147,-0.00034918193705379963,False,True,True
0,213331,1,0.00041269557550549507,0.00041269557550549507,False,True,False
0,215156,5,0.0001667453907430172,-4.666149616241455e-05,False,True,True
0,216847,1,0.42791035771369934,-0.42791035771369934,False,False,True
0,218560,1,0.0020204856991767883,-0.0020204856991767883,False,False,True
0,219466,1,0.00021198787726461887,0.00021198787726461887,False,True,False
0,225803,1,0.008405711501836777,-0.008405711501836777,False,False,True
0,229768,2,0.0005656261928379536,-0.00047633866779506207,False,False,True
0,231346,1,0.11026220582425594,-0.11026220582425594,False,False,True
0,231586,1,0.001953164814040065,-0.001953164814040065,False,False,True
0,232072,1,0.0009216945618391037,-0.0009216945618391037,False,False,True
0,232581,1,0.3533757096156478,-0.3533757096156478,False,False,True
0,232778,3,0.0003727960865944624,-8.594167108337085e-05,False,True,True
0,239782,4,0.0004392019473016262,-0.0002420253586024046,False,True,True
0,241002,2,0.07088524103164673,-0.044096946716308594,False,False,True
0,241093,1,0.06358535960316658,-0.06358535960316658,False,False,True
0,247252,2,0.00026788515970110893,-0.00014481856487691402,False,False,True
0,248238,1,0.08717040345072746,-0.08717040345072746,False,False,True
0,249351,1,0.0001918054185807705,-0.0001918054185807705,False,False,True
0,249446,1,0.01559182396158576,-0.01559182396158576,False,False,True
0,254464,1,0.1499561071395874,-0.1499561071395874,False,False,True
0,254603,2,0.022011995315551758,0.004289031028747559,True,True,True
0,258962,2,0.04806561768054962,-0.02585296332836151,False,False,True
0,261641,1,0.00523251062259078,-0.00523251062259078,False,False,True
0,262455,2,0.028732366859912872,-0.011058509349822998,False,True,True
0,263434,1,0.07727090455591679,-0.07727090455591679,False,False,True
0,266821,1,0.0008881445974111557,-0.0008881445974111557,False,False,True
0,271251,1,0.1605009362101555,-0.1605009362101555,False,False,True
0,272345,1,0.00987279461696744,-0.00987279461696744,False,False,True
0,274674,1,0.06764522613957524,-0.06764522613957524,False,False,True
0,275360,1,0.03514167387038469,-0.03514167387038469,False,False,True
0,275718,2,0.0022744047455489635,-0.0011389476712793112,False,False,True
0,277635,1,0.024150239303708076,-0.024150239303708076,False,False,True
0,279016,2,0.0012577122543007135,-0.0008026540745049715,False,False,True
0,279796,1,0.08557399641722441,0.08557399641722441,False,True,False
0,279958,4,0.1595623791217804,0.019179567694664,False,True,True
0,280239,1,0.000527307391166687,0.000527307391166687,False,True,False
0,282711,1,0.05260661244392395,-0.05260661244392395,False,False,True
0,285501,1,0.02210967242717743,0.02210967242717743,False,True,False
0,287642,1,0.0649235644377768,-0.0649235644377768,False,False,True
0,288345,1,0.09470188617706299,-0.09470188617706299,False,False,True
1,1988,1,0.35603636503219604,-0.35603636503219604,True,False,True
1,2122,1,0.5296874046325684,0.5296874046325684,False,True,False
1,2915,1,0.2904232144355774,-0.2904232144355774,False,False,True
1,7437,14,0.05201910436153412,-0.012984520622662135,False,True,True
1,8614,1,0.027809619903564453,0.027809619903564453,False,True,False
1,12115,2,0.033749453723430634,-0.029493339359760284,False,False,True
1,14814,5,0.08220425248146057,-0.013640597462654114,False,True,True
1,15780,1,0.06322145462036133,-0.06322145462036133,False,False,True
1,16202,3,0.024265289306640625,-0.00280757745107015,True,True,True
1,16276,1,0.23422419372946024,0.23422419372946024,False,True,False
1,22563,9,0.06837040185928345,0.0039012299643622506,False,True,True
1,24386,1,0.014991402626037598,0.014991402626037598,False,True,False
1,25128,1,0.007565021514892578,-0.007565021514892578,False,False,True
1,27749,1,0.02127373218536377,0.02127373218536377,False,True,False
1,28246,1,0.015117347240447998,-0.015117347240447998,False,False,True
1,34673,1,0.01518404483795166,-0.01518404483795166,False,False,True
1,35991,4,0.07424277067184448,-0.04600431025028229,False,False,True
1,36576,1,0.01740860939025879,-0.01740860939025879,False,False,True
1,42956,2,0.026147861033678055,-0.01572730392217636,False,False,True
1,43732,2,0.0014274173881858587,-0.0005020627286285162,False,True,True
1,46633,2,0.10794335603713989,-0.04353630542755127,False,True,True
1,46634,6,0.06994485855102539,-0.02502668897310893,False,True,True
1,46637,1,0.15022072196006775,-0.15022072196006775,False,False,True
1,47909,1,0.009823501110076904,0.009823501110076904,False,True,False
1,50591,1,0.7031543999910355,0.7031543999910355,False,True,False
1,51522,1,0.0007485151290893555,0.0007485151290893555,False,True,False
1,52144,1,0.7049675434827805,0.7049675434827805,False,True,False
1,53325,1,0.5296874046325684,0.5296874046325684,False,True,False
1,53436,1,0.05475056171417236,0.05475056171417236,True,True,False
1,53462,1,0.22895403811708093,0.22895403811708093,False,True,False
1,56301,2,0.005099952220916748,0.0015381276607513428,False,True,True
1,57874,1,0.014991402626037598,0.014991402626037598,False,True,False
1,60746,2,0.10216908156871796,-0.05842363089323044,False,False,True
1,61025,2,0.3677619993686676,-0.02498602122068405,False,True,True
1,63361,1,0.01077812910079956,-0.01077812910079956,False,False,True
1,64582,1,0.05462107062339783,-0.05462107062339783,False,False,True
1,65871,1,0.020906895399093628,-0.020906895399093628,False,False,True
1,67019,1,0.24500268697738647,-0.24500268697738647,False,False,True
1,67065,4,0.21993687748908997,0.02606646716594696,False,True,True
1,67303,2,0.0015963912010192871,-0.00047400593757629395,False,True,True
1,68889,1,0.7031543999910355,0.7031543999910355,False,True,False
1,70238,2,0.0918220654129982,-0.044532474130392075,False,True,True
1,71999,2,0.7047336250543594,0.4222991243004799,False,True,False
1,72192,1,0.39283350110054016,0.39283350110054016,False,True,False
1,74219,3,0.004342138767242432,0.0019100507100423176,False,True,True
1,75813,1,0.007565021514892578,-0.007565021514892578,False,False,True
1,75822,1,0.7026231586933136,0.7026231586933136,False,True,False
1,77483,2,0.07876967638731003,-0.03701265528798103,False,True,True
1,77647,2,0.02946152538061142,-0.018146831542253494,False,False,True
1,80391,1,0.01740860939025879,-0.01740860939025879,False,False,True
1,82447,2,0.05113703012466431,-0.0001507401466369629,True,True,True
1,83136,1,0.03333941102027893,-0.03333941102027893,False,False,True
1,85059,1,0.27235235273838043,-0.27235235273838043,False,False,True
1,87658,1,0.21213090419769287,0.21213090419769287,True,True,False
1,88076,1,0.3280685544013977,-0.3280685544013977,False,False,True
1,88309,1,0.05893485248088837,0.05893485248088837,False,True,False
1,88904,2,0.021005986258387566,-0.018722470849752426,False,False,True
1,92176,1,0.33160218596458435,-0.33160218596458435,False,False,True
1,94431,1,0.01505810022354126,-0.01505810022354126,False,False,True
1,94874,1,0.09763318300247192,-0.09763318300247192,False,False,True
1,94949,1,0.42692264914512634,-0.42692264914512634,False,False,True
1,95425,1,0.6048586070537567,-0.6048586070537567,True,False,True
1,96766,2,0.34484028816223145,-0.13846825063228607,False,True,True
1,97161,1,0.014991402626037598,0.014991402626037598,False,True,False
1,97629,1,0.3008067160844803,-0.3008067160844803,False,False,True
1,97729,1,0.3451002836227417,-0.3451002836227417,False,False,True
1,98163,1,0.014991402626037598,0.014991402626037598,False,True,False
1,98290,1,0.6272255107760429,0.6272255107760429,False,True,False
1,99548,1,0.27495747804641724,-0.27495747804641724,False,False,True
1,100777,1,0.004205584526062012,-0.004205584526062012,False,False,True
1,102320,1,0.006941556930541992,-0.006941556930541992,False,False,True
1,102444,1,0.041404008865356445,-0.041404008865356445,False,False,True
1,102927,1,0.08165965974330902,0.08165965974330902,False,True,False
1,104074,1,0.44696807861328125,-0.44696807861328125,False,False,True
1,107771,2,0.17556390166282654,-0.08458898961544037,False,True,True
1,107862,1,0.09395194053649902,0.09395194053649902,False,True,False
1,109044,1,0.007657349109649658,-0.007657349109649658,False,False,True
1,109748,3,0.22195081412792206,-0.07255453243851662,False,True,True
1,111570,1,0.06341445446014404,-0.06341445446014404,False,False,True
1,111571,5,0.014771342277526855,-0.0031561732292175295,False,True,True
1,111572,8,0.009759068489074707,-0.0013906508684158325,True,True,True
1,112043,1,0.0007185335271060467,-0.0007185335271060467,False,False,True
1,112368,2,0.05172079801559448,-0.004819095134735107,False,True,True
1,112665,2,0.12519222497940063,-0.06676021218299866,False,False,True
1,115768,1,0.7031543999910355,0.7031543999910355,False,True,False
1,118151,2,0.030887484550476074,-0.021673131734132767,False,False,True
1,126736,1,0.11376941204071045,0.11376941204071045,False,True,False
1,129617,2,0.020022816956043243,-0.009381699375808239,False,True,True
1,129618,12,0.05271401256322861,-0.008959059603512287,False,True,True
1,134393,1,0.1087295413017273,-0.1087295413017273,True,False,True
1,135318,1,0.014450624585151672,0.014450624585151672,False,True,False
1,139343,13,0.3687049299478531,0.04089302168442653,False,True,True
1,141018,1,0.09171971678733826,0.09171971678733826,False,True,False
1,143697,1,0.15492455661296844,0.15492455661296844,False,True,False
1,143717,1,0.31820574402809143,-0.31820574402809143,False,False,True
1,144444,1,0.007565021514892578,-0.007565021514892578,False,False,True
1,148480,1,0.47315889596939087,0.47315889596939087,True,True,False
1,150306,1,0.007549464702606201,-0.007549464702606201,False,False,True
1,153653,1,0.00625455379486084,0.00625455379486084,False,True,False
1,154707,1,0.2002255916595459,0.2002255916595459,False,True,False
1,155496,1,0.470688171684742,0.470688171684742,False,True,False
1,156726,1,0.48851124197244644,0.48851124197244644,False,True,False
1,158841,1,0.014991402626037598,0.014991402626037598,False,True,False
1,159997,2,0.1189613789319992,-0.0626264289021492,False,False,True
1,162928,1,0.009665846824645996,-0.009665846824645996,False,False,True
1,163608,1,0.1843162178993225,-0.1843162178993225,True,False,True
1,165429,3,0.0027969274669885635,-0.001636308307449023,False,True,True
1,168435,2,0.09050314873456955,-0.04402551054954529,False,True,True
1,173231,1,0.5332079529762268,0.5332079529762268,False,True,False
1,176866,2,0.002750694751739502,-0.0017908215522766113,False,False,True
1,177767,1,0.007670283317565918,0.007670283317565918,False,True,False
1,178656,1,0.23643237352371216,-0.23643237352371216,False,False,True
1,179707,2,0.07712122797966003,-0.05035316199064255,False,False,True
1,179885,1,0.014991402626037598,0.014991402626037598,False,True,False
1,180653,1,0.280720591545105,-0.280720591545105,False,False,True
1,185803,1,0.007581949234008789,-0.007581949234008789,False,False,True
1,186169,2,0.04799526929855347,-0.031017933040857315,False,False,True
1,187342,1,0.01812386862002313,0.01812386862002313,False,True,False
1,188832,2,0.05801188945770264,-0.03055533766746521,False,False,True
1,189193,2,0.02133692428469658,-0.014581073075532913,False,False,True
1,191415,1,0.0014031995087862015,0.0014031995087862015,False,True,False
1,192588,1,0.007549464702606201,-0.007549464702606201,False,False,True
1,195740,1,0.14717431366443634,0.14717431366443634,False,True,False
1,196822,1,0.007549464702606201,-0.007549464702606201,False,False,True
1,198008,1,0.20951509475708008,0.20951509475708008,False,True,False
1,198589,1,0.14634909480810165,-0.14634909480810165,False,False,True
1,199123,1,0.4327462762594223,-0.4327462762594223,False,False,True
1,206144,2,0.07609765231609344,-0.04100486636161804,False,False,True
1,210318,1,0.2558498978614807,-0.2558498978614807,False,False,True
1,212285,1,0.05424666404724121,0.05424666404724121,True,True,False
1,212613,1,0.19564887881278992,-0.19564887881278992,False,False,True
1,212839,3,0.015444217249751091,-0.008062322934468588,False,True,True
1,213518,1,0.007549464702606201,-0.007549464702606201,False,False,True
1,219648,1,0.5444669127464294,0.5444669127464294,False,True,False
1,220036,2,0.3176005780696869,-0.11534436047077179,False,True,True
1,221247,1,0.10106832534074783,-0.10106832534074783,False,False,True
1,222576,1,0.35879961401224136,-0.35879961401224136,False,False,True
1,224114,1,0.0005353689193725586,-0.0005353689193725586,False,False,True
1,226299,2,0.3638737052679062,-0.13525604456663132,False,True,True
1,231181,1,0.00643998384475708,-0.00643998384475708,False,False,True
1,232266,1,0.008476614952087402,0.008476614952087402,False,True,False
1,232456,1,0.02680923044681549,-0.02680923044681549,False,False,True
1,236057,1,0.35519344359636307,0.35519344359636307,False,True,False
1,237552,1,0.0866321325302124,0.0866321325302124,True,True,False
1,242903,1,0.012887299060821533,0.012887299060821533,False,True,False
1,243983,2,0.169188991189003,-0.0769331157207489,False,True,True
1,245307,1,0.006321370601654053,0.006321370601654053,False,True,False
1,246310,2,0.08390249311923981,-0.06139945983886719,False,False,True
1,246550,6,0.11477190256118774,0.03558449943860372,False,True,False
1,246734,1,0.5296874046325684,0.5296874046325684,False,True,False
1,247326,2,0.16585534811019897,0.03988790512084961,False,True,True
1,247713,1,0.14584356546401978,-0.14584356546401978,False,False,True
1,248227,2,0.41631802916526794,0.16181831061840057,False,True,True
1,249270,1,0.030909597873687744,-0.030909597873687744,False,False,True
1,249639,1,0.059348106384277344,-0.059348106384277344,False,False,True
1,250362,1,0.11827889084815979,-0.11827889084815979,False,False,True
1,268638,2,0.03259468078613281,-0.018367022275924683,False,False,True
1,271678,3,0.023297011852264404,-0.011615236600240072,True,True,True
1,271915,2,0.11882692575454712,-0.06479357928037643,False,False,True
1,275156,3,0.004923462867736816,0.0017383495966593425,False,True,True
1,280420,5,0.0025762319564819336,-0.00025571584701538085,False,True,True
1,286592,15,0.04167252779006958,-0.003992211818695068,False,True,True
1,291073,1,0.08481025695800781,-0.08481025695800781,False,False,True
1,291091,4,0.0027366280555725098,-0.0006495118141174316,False,True,True
