neighbor,interventions,total_abs_effect,mean_abs_effect,mean_delta
12cgpFdJViXbwHbhrA3TuW1EGnL25Zqc3P,18,4.2960959484335035,0.23867199713519463,-0.23520041685292703
3BgGDrAfviBztVooGNqW5Eqjj8hmkEwfYc,5,3.5170539021492004,0.7034107804298401,0.7034107804298401
38BoHtepsEZyWoCRKKyAe9gKW8wp3aPouM,6,2.7086725011467934,0.4514454168577989,0.4514454168577989
1GX28yLjVWux7ws4UQ9FB4MnLH4UKTPK2z,24,2.6231936912517995,0.10929973713549164,-0.10929973713549164
17A16QmavnUfCW11DAApiJxp7ARnxN5pGX,36,1.4981164585333318,0.041614346070370324,-0.041614346070370324
1C8hkWXwqfzQAcfRW7yR7z8wjyTg4P9hfA,4,1.0436391681432724,0.2609097920358181,-0.2609097920358181
1GZbccX3cJJbfRC8WuKW1sFiTQXj8MPYpQ,2,0.9438470676541328,0.4719235338270664,0.4719235338270664
16FTZ3gTGqLZo5eV2zqkQwdn7oTsAnwTb4,8,0.8830511160194874,0.11038138950243592,0.10768685722723603
1JNchFeujbm786astAzpeRAVM1igPUMwYx,4,0.7242248579859734,0.18105621449649334,0.05313126556575298
1DDmgYSiSA5VckjXxDNMi1DxWZfuHt1gVg,1,0.7047336250543594,0.7047336250543594,0.7047336250543594
3CD1QW6fjgTwKq3Pj97nty28WZAVkziNom,2,0.6620231559500098,0.3310115779750049,-0.3310115779750049
39sfuA8pY4UfybgEZi7uvA13jkGzZpsg5K,3,0.6256516426801682,0.20855054756005606,0.20855054756005606
1Dym1yThrVo5T1Q7bzgu8ekQBYEma2ftge,2,0.6174526363611221,0.30872631818056107,-0.30872631818056107
125NYpUEF377vRqZ6Wp7p1uvrnecWS6C7D,1,0.6135707944631577,0.6135707944631577,0.6135707944631577
15ymZ1HC2WuUc2T9rXjjjbFUrpWf213fkR,2,0.58296699821949,0.291483499109745,-0.291483499109745
1ETa4q9o8sCpxsHJCUmupaq9iDCvC7adQf,2,0.5138546228408813,0.2569273114204407,-0.2569273114204407
326DgM2u3F34ZLcUUFes4TeXdiaVCNus5h,3,0.5092552043497562,0.1697517347832521,-0.1697517347832521
1Hi4VN32bzYhJAVm17tByeBGJjoC5Sd5fj,1,0.45595943089574575,0.45595943089574575,0.45595943089574575
1H7iXk3DJBgqShM3ADiKGggQmqMNUMhogm,2,0.43759752810001373,0.21879876405000687,-0.07162445038557053
1CCn9buMG1LhDNiHVCfnb6biiYhdcYSfyr,1,0.42692264914512634,0.42692264914512634,-0.42692264914512634
1DnigX5TYZ1z92hatgPUTfPKm6d21XDVyo,1,0.41631802916526794,0.41631802916526794,0.41631802916526794
1N52wHoVR79PMDishab2XmRHsbekCdGquK,55,0.4073375528678298,0.007406137324869633,-0.007378363092853265
178FWZR2yXxSCL2V2coJZXF2zVVvh13fdQ,2,0.3948236405849457,0.19741182029247284,-0.19741182029247284
394H6wHnsdBxQqFSLLPzeTJ7kmLeKTvcRY,1,0.39283350110054016,0.39283350110054016,0.39283350110054016
1KD6iM6HxWc2UvY9ZK1vZEcQUidmoDxHFB,2,0.37244030833244324,0.18622015416622162,-0.09450043737888336
1347PE3ZDokSsE2Ws1ZvtftPXCuR4NjJsQ,2,0.3687376081943512,0.1843688040971756,-0.1843688040971756
1GmyXoUKLG2VYabNayKscVbCPwbjswaKMC,1,0.3687049299478531,0.3687049299478531,0.3687049299478531
1BVXAddKjbphVK5xXKeYcyorTPDgDBQHTu,1,0.3677619993686676,0.3677619993686676,-0.3677619993686676
17tuUbfeLanNs3CiugCFgtGnBT7Q8Pn4qa,1,0.3638737052679062,0.3638737052679062,-0.3638737052679062
141Zu4pHzkYZefE2audb1FU1gRkJ1TNKT6,1,0.35603636503219604,0.35603636503219604,-0.35603636503219604
16qCPeR7GCXntamDPap76vjhMNm8rjBFB8,1,0.3533757096156478,0.3533757096156478,-0.3533757096156478
15uepg7WpadtMYxc8Lzd1cyKKjLsZ4qhco,2,0.34643667936325073,0.17321833968162537,-0.17321833968162537
1CjStQKYUZ8cSMk3iJf1eWWe6vLJRgj2TY,2,0.3427234501577914,0.1713617250788957,0.1713617250788957
1HfEepHZagyXjPEg71A7VTA8QHX28fJHD7,1,0.3280685544013977,0.3280685544013977,-0.3280685544013977
1BxjUjgLy1y9APYWsiDRuZLBjrENJoovxG,1,0.3177899569272995,0.3177899569272995,0.3177899569272995
3BuQmbmdce3e31GEovq5SgowLdfMgJzLDE,1,0.31027752161026,0.31027752161026,-0.31027752161026
1JNePVExrvnWcJnouKMoV6zC9KPr6tcjjP,2,0.2943253517150879,0.14716267585754395,0.06235241889953613
1LPkxJBrtvZvSRwaUkmXQrJtLwxUNkSRsd,2,0.29219266027212143,0.14609633013606071,-0.14609633013606071
1ASCBAxmagSnPiTNJCznnpysoeyS6nFBi9,2,0.28538454324007034,0.14269227162003517,-0.14269227162003517
18oMcnDMbP7XmhAdYxjoidju3ZCeLPxuLn,1,0.27421945333480835,0.27421945333480835,0.27421945333480835
1BrT827NCgxjctnEBdLiuDzukupwWHP1i2,8,0.26540119759738445,0.03317514969967306,0.005356198875233531
12pkJ4BgY4ZxMDvYPP7VXSHajzwUjtaZY4,2,0.2631265555974096,0.1315632777987048,-0.11343940917868167
1DwX1NA2r5hsPnNm72B3W5pTLBczvHKDoh,2,0.25526852905750275,0.12763426452875137,-0.12763426452875137
122cArGCaKzoAj7dsf7KH2tdhhejy23n7r,2,0.24621610343456268,0.12310805171728134,-0.12310805171728134
1AxcwffUwfdsbj5J3yHDYZr6rRLXw9Tb75,4,0.24339225888252258,0.060848064720630646,-0.060848064720630646
1959snj1ovEnJP6ce9Aav2RuxDhZQEoCyh,2,0.2405455643311143,0.12027278216555715,0.12027278216555715
1FAv42GaDuQixSzEzSbx6aP1Kf4WVWpQUY,1,0.23643237352371216,0.23643237352371216,-0.23643237352371216
187d6gWrsbnbigNN7KJVt5myqjtFjnF9hv,2,0.23340463638305664,0.11670231819152832,0.11670231819152832
1NtHN8Tx7MSGZ3XNx5iyNSRqsmQVnb3Ab6,1,0.22553836833685637,0.22553836833685637,-0.22553836833685637
17bggHMnBwxrULt778XA4U4X3ThaxvW4Rv,1,0.21993687748908997,0.21993687748908997,0.21993687748908997
36524udg8AAiKhXr8ukwFzyWoZ2PCBDq17,4,0.21102415025234222,0.052756037563085556,-0.011926207691431046
1JxfosgwwcUUkWKZLU2JvYjQqBwg3TKrea,2,0.2096751183271408,0.1048375591635704,0.1048375591635704
12ucu9bHLe2w2ahjibVtp3xmdcGkgUmX4A,2,0.2075182762928307,0.10375913814641535,-0.10375913814641535
18ZayqmKE8ThMMZzjwHH9pEC37oqfYDK16,1,0.2002255916595459,0.2002255916595459,0.2002255916595459
1K569MWDfdKuDb8iP8EPkFMCJ2FSf1kduk,5,0.18379012309014797,0.03675802461802959,-0.03675802461802959
1HL6tSg5mUrXik5kdFBni4UTrAuPRps3P6,2,0.18117810785770416,0.09058905392885208,0.09058905392885208
14yEMDi68H8Ei4Rq7dhfvWdAF3dU3iM48L,1,0.18063047528266907,0.18063047528266907,-0.18063047528266907
1MnaTZEoFJaXZcXmJw4vVXNfCmKQmW3Upd,1,0.1802762746810913,0.1802762746810913,0.1802762746810913
18QUa57MjVrZ13Y2vQvCpayG9qaRMXR66H,2,0.17831459641456604,0.08915729820728302,-0.08915729820728302
18JMGJhnFQsHRYHECnywjG3NPpgRmVjRxH,2,0.17788821458816528,0.08894410729408264,-0.08894410729408264
3PwguWXaSxHmXRJi9rsPReUKYftekwhLbH,2,0.16155503317713737,0.08077751658856869,-0.08077751658856869
1FoxBitjXcBeZUS4eDzPZ7b124q3N7QJK7,1,0.16037582606077194,0.16037582606077194,-0.16037582606077194
19j9W21psaLRGCYrHPVQHpPRsmxtpSD3MW,1,0.1595623791217804,0.1595623791217804,0.1595623791217804
1D7RLdKN1npShamM2DVcYPjTG9qbBs8xba,1,0.1499561071395874,0.1499561071395874,-0.1499561071395874
1Lo45R8qkKDurPwtAU4wy6iyYYFpRPwhQa,2,0.14918848872184753,0.07459424436092377,-0.07459424436092377
1Maa1F57e1VLEgActwP6ZjGmLTaFkqyREr,1,0.13986462354660034,0.13986462354660034,0.13986462354660034
31kuXQYcrAeZcgH75suHnGeRKrBJ3wk5xC,1,0.12552636861801147,0.12552636861801147,-0.12552636861801147
1G3QJPWEFiHwZjU5PK9SfNRge56vUTyn5S,1,0.12519222497940063,0.12519222497940063,-0.12519222497940063
3CXr8guRrcA8g9z9rqck87e7nv49KkKMKy,11,0.122921884059906,0.011174716732718727,0.011174716732718727
187P8BBqdHJXyjmgSK6YTTfkgYWJG7NFMY,5,0.12142823822796345,0.02428564764559269,-0.02428564764559269
1D35hXfShWo4BUBJ4WsK5ve8EAnLLH4g2e,1,0.1189613789319992,0.1189613789319992,-0.1189613789319992
1M4EnibRGxbEEYQHtkh7o1q5s24hUaEZ34,1,0.11882692575454712,0.11882692575454712,-0.11882692575454712
1F8zLazqH3pM3RQWPnzuaEnytobGvwS85R,1,0.11477190256118774,0.11477190256118774,0.11477190256118774
1PXEWSDeNNeiHHoHJPvBQPVWb3Ks3cfhTB,2,0.1117982268333435,0.05589911341667175,-0.05589911341667175
1FmGo2WMExLdGzvFnH1q8rsFhN9Ppzon8,1,0.11072364705614746,0.11072364705614746,0.11072364705614746
1DZcR1hd6cihEuPujZkjwe9mYBXpFjHZuv,1,0.1105547696352005,0.1105547696352005,0.1105547696352005
16tcubW3EVHnrVER133eDZwB7oiiAQPFF2,1,0.10216908156871796,0.10216908156871796,-0.10216908156871796
1CgL9cadWu6XwWAkfRYGc7XBuYtUEMTsUT,1,0.09702759981155396,0.09702759981155396,0.09702759981155396
1JHBUqaCHZpMpUeFGxBDsQ2vE1By7t5vYD,1,0.09395194053649902,0.09395194053649902,0.09395194053649902
1Adnw7DhGpsxhZkNyHNvhfy8jSzfnW5Xoj,1,0.09336161613464355,0.09336161613464355,0.09336161613464355
12Nky4Abg6K5KPRJV2CiVDkK38cYih9qfq,1,0.0926814079284668,0.0926814079284668,-0.0926814079284668
3H5JQ7oZmUmu53E6o53bNx7pjL69GqJYYc,1,0.08557399641722441,0.08557399641722441,0.08557399641722441
1Hnm7hTr3WJsmGumZhnUNZGc5QnYpU3U73,3,0.08508545160293579,0.028361817200978596,-0.028361817200978596
1DCsSV3zHRDMgxqGqimNumA81f4GKJUmba,1,0.08390249311923981,0.08390249311923981,-0.08390249311923981
1D428KQ1afeNyjmjbj5WtgVsf2ZxjRPYWh,1,0.08220425248146057,0.08220425248146057,0.08220425248146057
38DgnT18UXQQVc4cgA9dtixybt4BPVuc1C,5,0.0801767110824585,0.0160353422164917,-0.0160353422164917
14JT8RJJNh1ffMoJjjKKAYeM7N8jaP48UR,1,0.07876967638731003,0.07876967638731003,-0.07876967638731003
1PXTsK9NoznnN2GoWG7gUfwYVWxBmQvYxu,1,0.07712122797966003,0.07712122797966003,-0.07712122797966003
1KqwzzS4Rt87bUSihhLCvi2mjZ53i28Dk1,1,0.07612847164273262,0.07612847164273262,-0.07612847164273262
1DnNbpJKecqrSA3ZP8oTWm3A7S93sqpBxt,1,0.07609765231609344,0.07609765231609344,-0.07609765231609344
3MMCb1DofhUKEpf4aGGs4rDj9QJs1HCrEJ,10,0.07393181324005127,0.007393181324005127,-0.007393181324005127
1Kw1NpZ1NCWgsjPKjjiH2fyQURL6dKMgFn,1,0.07381638884544373,0.07381638884544373,-0.07381638884544373
34JK3n7cnMCqaK8wQdNtFikdgjJoMVHTRp,1,0.07088524103164673,0.07088524103164673,-0.07088524103164673
17my9ExMmuyCBGSpC42jW7K1KPbCMEBnaL,1,0.06837040185928345,0.06837040185928345,0.06837040185928345
1MEe2mebed8wopvy8xyjjHcEQHUPVJn2UC,1,0.06583794765174389,0.06583794765174389,-0.06583794765174389
1MxJLAQnaJvBT2S5xu7GXJRvGCY3UYD5DX,1,0.06337529420852661,0.06337529420852661,-0.06337529420852661
19ScWFkhyDc6bDhSJ28xtj9juPq48V9Sv7,1,0.059348106384277344,0.059348106384277344,-0.059348106384277344
1Awqsuiy5Df6VMFvNq7SawDCGJWU4Rg3Ky,1,0.05801188945770264,0.05801188945770264,-0.05801188945770264
37keHMHKsGzLnCvNmtfv38o5EMqrFq4DK3,2,0.05611463729292154,0.02805731864646077,-0.02805731864646077
1Dmfzx6t7wqbUw2tRg1RPVf77RSQqxDf6Z,1,0.053237974643707275,0.053237974643707275,0.053237974643707275
1LbPfE9JkijxZpnF8cNpbhMzfrzH7MxoZf,1,0.05271401256322861,0.05271401256322861,-0.05271401256322861
1D7yke3meXP4NYaRhTmXJMu8dzLD8dqDDD,1,0.05259048938751221,0.05259048938751221,-0.05259048938751221
1APHyhaXs4wJ5utxAht8W1i9HXnr1GBxfF,1,0.05172079801559448,0.05172079801559448,-0.05172079801559448
17mqVbK2EuEbq3qUJbG84aB6MiYcDMSdXD,5,0.049598462879657745,0.00991969257593155,-0.007835994660854339
1BFqMBaQB9PjWczRUYUAmifGkD2dEejRaL,1,0.04208260774612427,0.04208260774612427,0.04208260774612427
3GX5iHbSJ4mc42BtqAQKtoyfYVRu9JKfuB,1,0.04167252779006958,0.04167252779006958,0.04167252779006958
1H1HkhfHuDa3PWi4cDn7u34mT3ePg2jL1g,1,0.03930273652076721,0.03930273652076721,-0.03930273652076721
19aEYBAZzz6hiysK1h9GfeF1hvXASRHHW5,1,0.03889642655849457,0.03889642655849457,-0.03889642655849457
1576YHZPqi9tjaPwZP5EMwsUhMRUU1MjP3,2,0.03547227382659912,0.01773613691329956,0.01773613691329956
37Es3qSdMZ5pc6E8ZFgbWM5YXLD4zG6B5b,1,0.03501272574067116,0.03501272574067116,0.03501272574067116
12gF9EAmod9AynTNtQGVtdF9o7nxMSviYE,1,0.033749453723430634,0.033749453723430634,-0.033749453723430634
15jeVC5uRRTDxqXPMV8fwqCN4mmkHS6F4y,1,0.03345543146133423,0.03345543146133423,-0.03345543146133423
1EgVDZjJeRYV7fEpGv5fi4bG6H4NtAX6Fa,1,0.03259468078613281,0.03259468078613281,-0.03259468078613281
1FRCAsP1c12HCjgGdTYDgwLnrwyA6dFwRE,1,0.03227558918297291,0.03227558918297291,-0.03227558918297291
1FvtWwP3ePJDeR6K7ZePGujUuusUTds8Vy,2,0.031014814972877502,0.015507407486438751,-0.015507407486438751
1WSa32tv9Cx1CNFoN7cY4QwEXm1yvQ5w1,1,0.030887484550476074,0.030887484550476074,-0.030887484550476074
14LiwZ3LeVVq7oBrSJ7wzkrX9Lfc23sx1C,1,0.02968469262123108,0.02968469262123108,-0.02968469262123108
1GQmweAj7Lqwzs4eD8u6DjGA8da2kaG93S,4,0.029283889569342136,0.007320972392335534,-0.0061611870769411325
3PJf9xLejoRJrNzNc38dNMhrsR7uTRty5w,1,0.028732366859912872,0.028732366859912872,-0.028732366859912872
122njJc1zCSPDHcFVWSQdT3ogzcxjR6Lop,1,0.028545260429382324,0.028545260429382324,0.028545260429382324
198jCtoeTwSjvwy8ECM8rp8VNB9RDwSecK,1,0.02831554412841797,0.02831554412841797,-0.02831554412841797
13zjYgMuJVNqTwtNVNPgR1M8azQTtXxayw,1,0.02806788682937622,0.02806788682937622,-0.02806788682937622
15Kg2a1mapen6vAzCZbDfSzHWyoeVWyFFi,1,0.02730277180671692,0.02730277180671692,-0.02730277180671692
3M22qkooDXywKiunyZZARcDAN8fG4F6pub,1,0.026676535606384277,0.026676535606384277,-0.026676535606384277
14X9cD2o4UW5NgwGWG13FiwAMiMcmN4CS4,1,0.025237224996089935,0.025237224996089935,-0.025237224996089935
35AnUd6znjGwzXZLa9tkjbAyAmaPeDwPPr,1,0.02434346079826355,0.02434346079826355,-0.02434346079826355
1MBH6uJKhjbjFoHY9UwTKs59SNzY2HerFa,1,0.02358509600162506,0.02358509600162506,-0.02358509600162506
12PuJ9ixCUzDsT8MqFEkim5zdcrF6TAgjW,1,0.023404687643051147,0.023404687643051147,0.023404687643051147
3LspjRRVhwRR1JgMC3FWbynwDTsBfAVpaA,1,0.023373003117740154,0.023373003117740154,0.023373003117740154
1AGvs3vZQ8rwhREcn1todsP1Cex6qZTCik,1,0.023297011852264404,0.023297011852264404,-0.023297011852264404
1nyfMgCoecGXCF9RTfVwGkGZYN9V4jCoh,1,0.02326624095439911,0.02326624095439911,-0.02326624095439911
1H1WS2tFx5yCsxtefs9PSTdqVX2mduyf3b,2,0.023244395852088928,0.011622197926044464,-0.011622197926044464
14mgSL6jyU6P8zmAV6SNQsD5Bp9R2dkgzW,1,0.023162122815847397,0.023162122815847397,-0.023162122815847397
1Dk7S7v3hDBVcS93LPPKWpCSGbL63Ewwn,1,0.02210967242717743,0.02210967242717743,0.02210967242717743
1BgfQbmjeptRbmDNhNPvgthQW14UAjTiy8,1,0.022011995315551758,0.022011995315551758,0.022011995315551758
15Nz69Kce3Vi51kTaZGaRJfpugdmLbBQVR,1,0.02198222279548645,0.02198222279548645,-0.02198222279548645
19WofTajxscPym7mQvFmg7gMqcGvDk6Vf6,1,0.021354734897613525,0.021354734897613525,-0.021354734897613525
1KpQ9EU4bL7BnrgeqsjJt9fhfJ7JzC875T,1,0.02133692428469658,0.02133692428469658,-0.02133692428469658
1B56fVVmMokU9zMqArXa4A2269CMNTTk8c,2,0.020989537239074707,0.010494768619537354,0.010494768619537354
1N4sMnEDftDJayKBvQ5T6ktAwu4W2B5jAH,1,0.02032524347305298,0.02032524347305298,-0.02032524347305298
1HsfFANHq8KHV3kujDJLThowAT6VkUGunQ,1,0.020176813006401062,0.020176813006401062,-0.020176813006401062
1gve4i2TZGTbiKuSTRoGxceyaT6XBxPGg,1,0.02014230191707611,0.02014230191707611,-0.02014230191707611
14Ni6kMXUbyRrJEXJxibR9qGKj7Pfq4y2C,1,0.019608840346336365,0.019608840346336365,-0.019608840346336365
1KmZzMuFonWaqd4LE6ZMYdpQtVGYMqXoqG,1,0.019197911024093628,0.019197911024093628,-0.019197911024093628
14MwKXt77b5HiVmXXwbDjaV3UTDwUgQuZ9,1,0.0189969539642334,0.0189969539642334,0.0189969539642334
1KEz8TcfKPeq8qA3dPhFmTQx2umyh2yRDa,2,0.018618129193782806,0.009309064596891403,-0.009309064596891403
1EaF8hf8gWgcACjej4LbKyw4EKCramQmiR,1,0.01851840317249298,0.01851840317249298,-0.01851840317249298
3KHQYoaHMiDB2wsdcfsXCSJeE7woQ6GriH,1,0.0181119441986084,0.0181119441986084,-0.0181119441986084
33GrBTaXsyBSfyeKaQSbBbyFBn2wiV8JGd,1,0.01784844882786274,0.01784844882786274,-0.01784844882786274
1ETyev2YxXFRRrF3Sb3y4JYKtEE3ftL293,1,0.017547771334648132,0.017547771334648132,-0.017547771334648132
3GRk2DcHrfqpB7DA6bGHCaV7V2jmKSsM7g,1,0.01730865240097046,0.01730865240097046,-0.01730865240097046
184ppwACtrAwHtwEunitcDTJTGjtND9zSH,1,0.01709294319152832,0.01709294319152832,-0.01709294319152832
3Fq94XUnbnbSt6HWuNEEDMqnZkagvkaRXb,1,0.01664060354232788,0.01664060354232788,-0.01664060354232788
1DtWsQmEWh1LcJjR14TFPVBLVJFaVLnif1,1,0.016607556492090225,0.016607556492090225,0.016607556492090225
1BpAh5B7C5xuf3DPfkuedWXsvbtGyUkmdu,1,0.01632717251777649,0.01632717251777649,-0.01632717251777649
1B8fmorWPcFyGGHri81Wrj19pDGoFjJs4t,1,0.016199346631765366,0.016199346631765366,-0.016199346631765366
1D3hJYUeebLsmxtjDnzvWwaumax1ipefBa,1,0.01616990566253662,0.01616990566253662,-0.01616990566253662
3Am8uxB9RBnHk2uBpapYBPxofVK4zJySQX,1,0.01615983247756958,0.01615983247756958,0.01615983247756958
1ESwcSQakENn8PnPesqpvRimPS4UQYAayZ,1,0.015976205468177795,0.015976205468177795,-0.015976205468177795
37rmdmN7hHRWb8b6Xvzsj6L5zmhsXjJKec,1,0.015873730182647705,0.015873730182647705,-0.015873730182647705
1GBVyC4n7ytZJicQjKB7oTD9HmyVvaK5xF,1,0.015870124101638794,0.015870124101638794,-0.015870124101638794
14Xzu4GQegnhYVQ44Nt8Sd7sCrd2UC57cp,1,0.01547098159790039,0.01547098159790039,0.01547098159790039
1KNUpuWaPpozPvoJXUEP75rpPEy4HZzcqS,1,0.015444217249751091,0.015444217249751091,-0.015444217249751091
1NrpXy6x8SZAWfLGZ2nnDZZuGsj59BKxtz,1,0.01467818021774292,0.01467818021774292,-0.01467818021774292
1816RaasK5ALaRreqiDu71V24NAexYGAaL,2,0.014472126960754395,0.007236063480377197,-0.007236063480377197
1JPVo8Jo4CT8LoPmDibjeumAsmVkvzGh4N,1,0.014450624585151672,0.014450624585151672,0.014450624585151672
1BeMxB9sS5gAnKYUJuSTms39PQBEipDEYS,1,0.013981632888317108,0.013981632888317108,-0.013981632888317108
1Dd4oF92npCRg7odtWYyPevo92dQ7CGojK,1,0.013956636190414429,0.013956636190414429,-0.013956636190414429
1721nmvVbLXY57UBLKzUT1PoYd9v9Y8Xus,1,0.01343393325805664,0.01343393325805664,-0.01343393325805664
14pPG8TmtdMtvCTUDrHe7GJVxYBQkLykyk,1,0.013362904079258442,0.013362904079258442,0.013362904079258442
15DfNzRJw5TE7rSftM8gCSSopE7t5M56L3,1,0.013336718082427979,0.013336718082427979,-0.013336718082427979
1asrsnCiseKwF1cKqRvsszHnq6FUYuAX7,1,0.012887299060821533,0.012887299060821533,0.012887299060821533
1AtsM6CEXtPKyYAEr6r7MnVeUafPz93hc7,2,0.012691855430603027,0.006345927715301514,-0.006345927715301514
1KfNpZTbam5dLXuGzFeCEX1ecbzkWx8Tv2,1,0.012641966342926025,0.012641966342926025,-0.012641966342926025
19txq91QziDSYfr5M3WwETThk4WnSH9FXU,1,0.01245877891778946,0.01245877891778946,-0.01245877891778946
3JwrLWjLai27iSAyN2KFotowLcAarGv94L,1,0.01229923963546753,0.01229923963546753,-0.01229923963546753
19boad6B5Wv24K95Nu2ZyvYE9vi5SU2Yj5,1,0.01216992735862732,0.01216992735862732,-0.01216992735862732
13dB5rpANbJjznNF7zDL7jFGzznc3SK3aU,1,0.011854231357574463,0.011854231357574463,0.011854231357574463
129EZEk9iu73adHScv3Qu4QibtsTAWSrus,1,0.011834561824798584,0.011834561824798584,-0.011834561824798584
1BRnBXZ9CZuDxTNfNNAkvoDSS18R6f7KFf,1,0.010960936546325684,0.010960936546325684,-0.010960936546325684
149R7hMKKU78PU1t2nqX22qtWAyR9R7A4Z,1,0.010951459407806396,0.010951459407806396,-0.010951459407806396
3Qh6xuHMw5jqyi525fZj9XjLxQTpb1CFEC,1,0.010877490043640137,0.010877490043640137,-0.010877490043640137
1GNqGgYazbzdV354HnFwqPv3JteKDjKaqG,1,0.01076023280620575,0.01076023280620575,-0.01076023280620575
1NLxMQRd4BzMh2ka4vgomUQKBuhhrhKVgG,1,0.010521113872528076,0.010521113872528076,-0.010521113872528076
1CPCGQYeGg21J8ALCahdtn6PRJJUg84MPM,1,0.01047968864440918,0.01047968864440918,-0.01047968864440918
1MoCk52G8cz4KPuNPMXdpe2rBCgTbSTK6R,1,0.010290026664733887,0.010290026664733887,-0.010290026664733887
3CVwmiZtHw2MB7tNRne5PAHdC48EoYZ2Kg,1,0.010270118713378906,0.010270118713378906,-0.010270118713378906
15hUn7S97RCoo2A3f5ppy6MJZNToRKnW3R,1,0.009936273097991943,0.009936273097991943,-0.009936273097991943
1BSQhuxTACyQukfgv4T2kSok9V1CY67bjn,1,0.00952373631298542,0.00952373631298542,-0.00952373631298542
1LUA6Vdz8rV1soVusdoHm2yRMK7EHchGNu,1,0.009259930811822414,0.009259930811822414,0.009259930811822414
1AnYHAJ1fh3L4BCpkhHCtsRq3wDzQsEBih,1,0.00832819938659668,0.00832819938659668,-0.00832819938659668
1E5dw2TfvkWeFSy2QFudNiQptT7gCiMMx6,1,0.007978327805176377,0.007978327805176377,0.007978327805176377
12BnHTsE9qQWBgSoG3LWGnokKJtS6A1CKE,1,0.007825221866369247,0.007825221866369247,-0.007825221866369247
1GUY31ZGPGRyt8TiUVJaACw49gKkVKXa1v,1,0.007757946848869324,0.007757946848869324,0.007757946848869324
18KSE7gyNCnqydZw5dzEyU9CNYBWQS9nCJ,1,0.007694751024246216,0.007694751024246216,-0.007694751024246216
192TAu3s3AYfXG4f5r45FWjJm9iizMH21f,1,0.0075735487043857574,0.0075735487043857574,0.0075735487043857574
1BToiZSEp8GEQEX3h28TKY9pDsGxH8KsHr,1,0.007458187639713287,0.007458187639713287,-0.007458187639713287
15FkN73MjCXkfWnyWWw6phiTpwrUMRYXqF,2,0.0072168707847595215,0.0036084353923797607,0.00277748703956604
195U2E6728LZ3S6BJ3Lj6e8wQ4FtM13cQp,1,0.007042521610856056,0.007042521610856056,0.007042521610856056
16RFW3RRmufWGCAfXpXYMpXneLvasBCZo2,1,0.006797328591346741,0.006797328591346741,-0.006797328591346741
35MU2FpsCNepSLi7dMHJMNDzkoqhzroBKm,1,0.006615348160266876,0.006615348160266876,0.006615348160266876
1PMKFeJvug6qN4WYf8wyakqMtYRA66LWG4,1,0.006545886397361755,0.006545886397361755,-0.006545886397361755
1B6sXkGjzpz2FA88cSSGs5YjQ4Fk8i3wma,1,0.0065011754631996155,0.0065011754631996155,-0.0065011754631996155
13vHWR3iLsHeYwT42RnuKYNBoVPrKKZgRv,1,0.0063574910163879395,0.0063574910163879395,-0.0063574910163879395
14NimFe76Rnnkdr13WZkTgSj5A4X1xDqm9,1,0.006184078752994537,0.006184078752994537,0.006184078752994537
1764h5LFJk1kEHxViPn5Z6GKRviuCmXmq7,1,0.005912080407142639,0.005912080407142639,-0.005912080407142639
1EaV2UNqUzyvNhiajCxRjsTZWBkCrBNBVL,1,0.005864866077899933,0.005864866077899933,-0.005864866077899933
1Ddoc6nTmQUC1cdy8NFmJmVwVS5CsST2Fa,1,0.00566786527633667,0.00566786527633667,-0.00566786527633667
18KHC99YdrhywhsduAzYc1JXLKwZapuiJa,1,0.005638472735881805,0.005638472735881805,-0.005638472735881805
14SifL9W3TCMgaWrwrp1C1bSAsx3UX3FRC,1,0.005615547299385071,0.005615547299385071,-0.005615547299385071
1PpqtvrMTtHiiGZ4a2z9iVhTod6xC3cCvM,2,0.005480916704982519,0.0027404583524912596,-0.0027404583524912596
3EeEe8268WU5bhordhLPdWowcytL9ThEqj,1,0.00529785081744194,0.00529785081744194,-0.00529785081744194
1NPqgWPkLNZivw9ELpSv71XgKXXLY4tgT,1,0.005184799432754517,0.005184799432754517,-0.005184799432754517
1BksLjirFRrV4hCpnC5e5yRLbodMaaTJTq,1,0.005099952220916748,0.005099952220916748,0.005099952220916748
1LnNUMRzUmc7BuqW4q9Zgij1SsH9SU3TdJ,1,0.004923462867736816,0.004923462867736816,0.004923462867736816
1AFvN1pPBDdHJnpH5K1Y32hLFx3pxm3wDU,1,0.0048986077308654785,0.0048986077308654785,0.0048986077308654785
3CwFFLcNBe3jdpVMRbrQpnX6J2QdydYXDy,2,0.004885675385594368,0.002442837692797184,0.002442837692797184
153jshsURfH53nsuweYSoBLmYHVw5qRdVA,1,0.004828393459320068,0.004828393459320068,0.004828393459320068
15ZD5wWYgMWXgMMdkBmhggehyF67y79QWD,1,0.004801124334335327,0.004801124334335327,-0.004801124334335327
31jz9j3EoVLXaZ16SLZr9dVuBMa7vqnj6H,1,0.004744365811347961,0.004744365811347961,0.004744365811347961
1BLRZf3TB9SEL26RxF54Lk7eDrjbSnA3ZT,1,0.0046212077140808105,0.0046212077140808105,0.0046212077140808105
1ET5rCodBrECBVHuhsDciTifSzGdxCNrty,1,0.004342138767242432,0.004342138767242432,0.004342138767242432
1FktjjJY6rXwgViX42Qxk3J3v1v22Rxw8b,1,0.004139363765716553,0.004139363765716553,-0.004139363765716553
36SLihhtuJm4wJa9u7u3ULAt2tSSJxooA6,1,0.003976812586188316,0.003976812586188316,-0.003976812586188316
1BUAQKrvuXrpKCm2KgSyRxStisCZ6U9WDq,2,0.0038260221481323242,0.0019130110740661621,-0.0019130110740661621
1GV3N1VApdcCkeZ3r8LbacmHfcHrFLiGiR,2,0.003796881530433893,0.0018984407652169466,-0.0018984407652169466
1DML4Wx7hz2hcvwb89NK6VmFLbDJzN4x4b,1,0.003695367369800806,0.003695367369800806,-0.003695367369800806
1PGzmqixR2MEJ4RFGCip8KKGzHNi2ypHKW,1,0.0036888718605041504,0.0036888718605041504,-0.0036888718605041504
1L499U3amJra1Q8n3pYi3urMxRcdkattK5,1,0.003640308976173401,0.003640308976173401,-0.003640308976173401
19DAFXU2ZSrW7dMCeybxaA86ayBYWqqpN7,1,0.003493763506412506,0.003493763506412506,-0.003493763506412506
1Q8QKMwnc4uSVWJrLrsXtjVtkpY5KS3vtj,1,0.0034265071153640747,0.0034265071153640747,-0.0034265071153640747
15X1Pv4vNrcY9qtakYuQ1oziY3qKtzG8pv,1,0.003098785877227783,0.003098785877227783,-0.003098785877227783
3EXkaZTkkc6E8rqQntbaJGYdtHoprGGtj4,1,0.0027969274669885635,0.0027969274669885635,-0.0027969274669885635
14giZyCQDGHSpSyVygyw7viGTcc9uvVoSp,1,0.0027366280555725098,0.0027366280555725098,-0.0027366280555725098
3CBMMJzWH9pRLtZNNhWTaYmp2TP46bNCNf,1,0.0026388391852378845,0.0026388391852378845,0.0026388391852378845
191Fg7VG5MFAxsr4tKZHdzyuqktNYL4k3M,1,0.0025762319564819336,0.0025762319564819336,-0.0025762319564819336
18c8Cvp8yEhviecmvH1vapi9VVRHsQtAm9,1,0.0024304790422320366,0.0024304790422320366,-0.0024304790422320366
1KZQGAA4jT4EQKvmMcWoEhX8eRGwcH95Rs,1,0.002312004566192627,0.002312004566192627,0.002312004566192627
1Jkvj5LwnqTXTLch2DUzt8RGq4CtAeJRRx,1,0.0023055747151374817,0.0023055747151374817,-0.0023055747151374817
3KsDoGVFrDhoqtkVkgz1Yipv93Xza43Qcu,1,0.002295970916748047,0.002295970916748047,-0.002295970916748047
19yYEwstiwMgHCtSfySypF2qBV4qG5rhcU,1,0.0021377205848693848,0.0021377205848693848,-0.0021377205848693848
18BonsqajX1vcRQti1EWfoZDGf84aYeqpy,2,0.002039056271314621,0.0010195281356573105,-0.0010195281356573105
1PkwBdVLvG41LF6FFHueBifKBf7J259Xav,1,0.0020236968994140625,0.0020236968994140625,-0.0020236968994140625
1Lsqcv4cg5zUctNi2qwNxMkrv1GeBboSUJ,1,0.001953164814040065,0.001953164814040065,-0.001953164814040065
12ataMZU4pjkBEH9ZdnEV5ZaE3TDfbfimF,1,0.001729533076286316,0.001729533076286316,-0.001729533076286316
1KkSDKg3YmvHrYFTx12akk8f2uvje4WFaA,1,0.0017207860946655273,0.0017207860946655273,0.0017207860946655273
13HzbgZ1KFn7RurqZQSZjuwQBegoamvx8u,1,0.0014650002121925354,0.0014650002121925354,-0.0014650002121925354
17BymcHaGRbXGnEzR2m9woUYNf9FBPPJ2P,1,0.0014031995087862015,0.0014031995087862015,0.0014031995087862015
1CADPoDkxyfzi8vFsX3Lucg7vbb1TjHEYz,1,0.0013311505317687988,0.0013311505317687988,0.0013311505317687988
1Kzwj6ZWSemKSHjbKVDnYRmJNqBxmESQtU,1,0.001230296678841114,0.001230296678841114,-0.001230296678841114
1PgM47u6C1L9HyovyM1tdThbZvWUiXrvJj,1,0.001151740550994873,0.001151740550994873,-0.001151740550994873
1Nd4WoUggkZ71AYxsAVPChMzSztrFKduvY,1,0.0010973215103149414,0.0010973215103149414,-0.0010973215103149414
1MCbcPAVCu4TE3i1kXkzXQsTCLZq6FL22W,1,0.0010617971420288086,0.0010617971420288086,-0.0010617971420288086
32kY47awqX6hvpxShEoxYJCLQiTcojEBwS,1,0.001050025224685669,0.001050025224685669,-0.001050025224685669
1KDEYRd4c9LN51npt5D5AP2EmhPycnxyVD,1,0.001018524169921875,0.001018524169921875,0.001018524169921875
1Nu5GC9hpp8THFuS7KcbScYVQCHbNtrLXz,2,0.0009707445278763771,0.00048537226393818855,0.00029356684535741806
1DCnyDcNM2aT2KtYTq9FRuroKBxJutdG76,1,0.0009451508522033691,0.0009451508522033691,0.0009451508522033691
1Hy9riX3QPoh5G2XrQvLFfjbLMSvBkocjq,1,0.0009156111627817154,0.0009156111627817154,0.0009156111627817154
1GwLCDBY7DVA3vbGPuagLYnGbSSYrieiRV,1,0.0009126700460910797,0.0009126700460910797,-0.0009126700460910797
1HK4LDW2Ct4oiqbCxiR67XfE7pekKqFwqf,1,0.0008082389831542969,0.0008082389831542969,0.0008082389831542969
17giXgQLSosQDgMT5RV8HSFhyiEhQxnbK4,1,0.0007809847593307495,0.0007809847593307495,0.0007809847593307495
3M1XKJMYxeKbdmLgwWWi7TPNtSuVKqEsJN,1,0.0007359299343079329,0.0007359299343079329,-0.0007359299343079329
1DHHJdsakHN7tCuLziQqfUHFK5RKpJB6RN,1,0.0007323026657104492,0.0007323026657104492,0.0007323026657104492
1eSkZqiDWxoTggz6KUC1koHAP75iK4NQh,2,0.0006718267686665058,0.0003359133843332529,0.0003359133843332529
1GA2gaaZsf5tksmyFBi6devLX9N4Ed39Zc,1,0.0006339401006698608,0.0006339401006698608,0.0006339401006698608
1KJuzWJat7HUgGSFaGbU2QiLoUeiF5Y6dn,1,0.0006265286356210709,0.0006265286356210709,0.0006265286356210709
1GgZXpt2tguNzjGm6vqZKfvXWWYb325cwX,1,0.0005767950788140297,0.0005767950788140297,-0.0005767950788140297
1NS3TYf1EijKLwFeqQtUR9CTLQpkCMpxZx,1,0.0005660355091094971,0.0005660355091094971,-0.0005660355091094971
3Q5Z56QaBoyetUR627RzR38jPBXyQp8Pz9,1,0.0005656261928379536,0.0005656261928379536,-0.0005656261928379536
36kVGjtzVV9ruhsoQd3sV3YGqhnppKMT52,1,0.0005345726385712624,0.0005345726385712624,-0.0005345726385712624
3QzBrZfgQsXNS8UPbsVGgPohn4xyepWeYv,1,0.000527307391166687,0.000527307391166687,0.000527307391166687
12ftmJ5cExVeMzQYyEVQULBSFamLV7hZRK,3,0.000502739567309618,0.00016757985576987267,0.00016757985576987267
1FDqi4NGvGiqf2zqYSx6iLo6Pd8y9N8WVj,1,0.0004407167434692383,0.0004407167434692383,-0.0004407167434692383
1KumbRsTcA6UNqU2MHEfqEFnAZYU3w3izR,2,0.0004344475455582142,0.0002172237727791071,0.00019547180272638798
1DxFj2zLBLXSM3ETEr4RZr6KcBEeaGAwoT,1,0.0004054000601172447,0.0004054000601172447,0.0004054000601172447
34NRoKBRK8y1tvKdN6XZE2Wodqb5YfmCV9,1,0.00038705114275217056,0.00038705114275217056,-0.00038705114275217056
15ws9hmVXfWqwKUGGBFfqUAYg4pCWp5i65,1,0.00038105249404907227,0.00038105249404907227,0.00038105249404907227
16MmqdD16H73n2j8wf3BKxQM7fU3AqbTdB,3,0.00036929245106875896,0.0001230974836895863,-0.0001230974836895863
14UZrrYi4scVFTSRY8dvrurvWi9bkbxdpq,1,0.00034759589470922947,0.00034759589470922947,-0.00034759589470922947
12FaA8rGuVBmJu6xx6kAeHAK8EgF8pEXpH,2,0.0003332444466650486,0.0001666222233325243,-0.0001666222233325243
1purUJS3HGsuRe6cBaA1ULH1sdvv6e9K9,1,0.00033277273178100586,0.00033277273178100586,-0.00033277273178100586
1MnbSZYppjx7BegNoUkPYr9Gkt9xCq65Fp,1,0.00032694684341549873,0.00032694684341549873,-0.00032694684341549873
1E235xTx9Q2sGygH4eHHhLZ1n18qRF9zRT,1,0.0003253817558288574,0.0003253817558288574,0.0003253817558288574
1HiydHrexzDiCQ99PJ4JySC9YPkKTWDDjF,1,0.000302731990814209,0.000302731990814209,0.000302731990814209
13jttFaLnhiQcFo4hYXnMNdZMNQapzyK5J,1,0.0002980828285217285,0.0002980828285217285,-0.0002980828285217285
1HKrstBUg1QjkgRJWHEixDnPdYCmhMJsqz,1,0.00027114152908325195,0.00027114152908325195,0.00027114152908325195
39pK9ULehUqA5iHWyDxCs7ixL1mSe6tYhU,1,0.00026788515970110893,0.00026788515970110893,-0.00026788515970110893
17iXD5qnNkfUQvLFE665WgFVF6WCKxiT8x,1,0.00021694181486964226,0.00021694181486964226,0.00021694181486964226
16zC3348Lxsgzk1NgwDQJawWoFa5ZfQiRB,2,0.0002164216712117195,0.00010821083560585976,-0.00010821083560585976
1LFH1hTpmXnn2ez7gkTdzE5D8KmHiWwksg,3,0.00019111600704491138,6.370533568163712e-05,6.370533568163712e-05
18n7dKRY9ZGFYGfLpCo2hQyy7qDM5ug388,1,0.0001822207123041153,0.0001822207123041153,-0.0001822207123041153
1GgE9KezSogQB4kEeNDx9nYjY8cPMp23aQ,1,0.00018199183978140354,0.00018199183978140354,-0.00018199183978140354
1DFLghp9kw2f6B32LisVzWkyx9qEnzscKi,1,0.00017644069157540798,0.00017644069157540798,-0.00017644069157540798
12PzFi4xtUKbFqpY5ZqGngNkcMMZgtkLVq,1,0.0001735142432153225,0.0001735142432153225,-0.0001735142432153225
1LArxtgZkturKi8PTCtht15bnfFQqvXNqp,3,0.0001617688685655594,5.39229561885198e-05,-5.39229561885198e-05
1NQBGzauPvdiqQNCkH1GgnScRH4ukJF2Po,1,0.0001568896695971489,0.0001568896695971489,-0.0001568896695971489
3KAHHqjaKhLiB8U4yWcB69LsMJjDxqecWD,1,0.00014745956286787987,0.00014745956286787987,0.00014745956286787987
1NjzqmwvnFvHj3xPGpAwYNoaXHQw5XjGAk,2,0.00014662439934909344,7.331219967454672e-05,7.331219967454672e-05
3QrGqud1UWr4XL6PEg73KMDsNJHhirbWwx,3,0.00014391005970537663,4.7970019901792206e-05,4.7970019901792206e-05
17WakVdjTNbtFBzhtNCdSv65mkHDc4eUpC,1,0.0001432010903954506,0.0001432010903954506,0.0001432010903954506
3JkmAYtowYGPQPcMcJuSYSXTusej4iA1nF,1,0.00012290477752685547,0.00012290477752685547,0.00012290477752685547
14eUc5rKLLpfv4TVZpp9QscfveF5cwiHtr,2,0.00012178509496152401,6.0892547480762005e-05,-6.0892547480762005e-05
3BU7pDGrxi1tRLuhwJeddw6yag8CSGv5PT,1,0.00010913610458374023,0.00010913610458374023,-0.00010913610458374023
31ziknMnZi5hXjTb7JqxfP5CeajSFoaBFy,1,0.00010280287824571133,0.00010280287824571133,0.00010280287824571133
1QDsADEiFM8MTqK36w3CE7UrYHGqNcv4UR,1,6.776722148060799e-05,6.776722148060799e-05,6.776722148060799e-05
37ZUmhj9ksvGaYKaACoaALsWpG1f2nM1Tw,1,5.915923975408077e-05,5.915923975408077e-05,5.915923975408077e-05
13JWuN6LG2PJvceiYm98vmMce5SudJbFBS,1,4.183663986623287e-05,4.183663986623287e-05,-4.183663986623287e-05
16gsiBTNjYCyFQs1cJZcy7UpXT69j4hFeo,2,3.426126204431057e-05,1.7130631022155285e-05,-1.7130631022155285e-05
16NNAn7NNLHKNM63R9Q4RRyZHYRihK69zg,1,1.3713259249925613e-05,1.3713259249925613e-05,1.3713259249925613e-05
1FWK9ZfQKM6T38NW7qe5GmwPyqY1caLbXG,1,6.61192461848259e-06,6.61192461848259e-06,6.61192461848259e-06
1EDa9J66WCdoAvAPFEoSSCC4zaeasxutB3,1,3.4905970096588135e-06,3.4905970096588135e-06,-3.4905970096588135e-06
