class,row,n_neighbors,max_abs_delta,mean_delta,any_flip,any_suspicious,any_protective
0,552,1,0.004827135242521763,-0.004827135242521763,False,False,True
0,1476,1,0.026484906673431396,-0.026484906673431396,False,False,True
0,3942,2,0.0010441828053444624,-0.0009117171866819263,False,False,True
0,7288,4,0.0009021945297718048,-0.0008328519761562347,False,False,True
0,8116,1,0.0011414133477956057,0.0011414133477956057,False,True,False
0,10240,1,0.0003701159730553627,-0.0003701159730553627,False,False,True
0,10461,1,0.12395092332735658,-0.12395092332735658,False,False,True
0,11253,1,0.00046145543456077576,0.00046145543456077576,False,True,False
0,11637,2,0.00042969523929059505,-0.0002623612526804209,False,False,True
0,17791,1,0.009029871318489313,-0.009029871318489313,False,False,True
0,23091,1,0.07224607141688466,-0.07224607141688466,False,False,True
0,23402,1,0.08630336634814739,0.08630336634814739,False,True,False
0,26899,4,0.007639376446604729,-0.0007054260349832475,False,True,True
0,27625,2,0.02684907359071076,-0.013292045216076076,False,True,True
0,28901,1,0.041551053524017334,-0.041551053524017334,False,False,True
0,30009,1,0.040118790697306395,-0.040118790697306395,False,False,True
0,30904,1,0.11139141023159027,0.11139141023159027,False,True,False
0,30980,1,0.4882533401250839,-0.4882533401250839,False,False,True
0,34106,1,0.4082110710442066,-0.4082110710442066,False,False,True
0,41632,1,0.0010488738771528006,-0.0010488738771528006,False,False,True
0,44046,1,0.0005734441801905632,0.0005734441801905632,False,True,False
0,44551,2,0.0023709938395768404,-0.0012828712351620197,False,False,True
0,45631,1,0.11401623860001564,0.11401623860001564,False,True,False
0,47008,1,0.003330766689032316,-0.003330766689032316,False,False,True
0,47079,1,0.10823126463219523,-0.10823126463219523,False,False,True
0,49725,1,0.010694601573050022,-0.010694601573050022,False,False,True
0,50313,1,0.23704689741134644,-0.23704689741134644,False,False,True
0,50707,3,0.0003077064175158739,-0.00019000152436395487,False,False,True
0,53774,1,0.049740168265998363,-0.049740168265998363,False,False,True
0,54163,1,0.006931981537491083,-0.006931981537491083,False,False,True
0,55396,1,0.0002094954252243042,-0.0002094954252243042,False,False,True
0,59191,5,0.0001131006283685565,-4.814069252461195e-05,False,False,True
0,60076,3,0.018604636192321777,0.0008861025174458822,False,True,True
0,65258,1,0.0019731493666768074,0.0019731493666768074,False,True,False
0,65870,1,0.08732466353103518,-0.08732466353103518,False,False,True
0,73830,5,0.06683743000030518,0.004660463333129883,False,True,True
0,75343,1,0.015398434130474925,-0.015398434130474925,False,False,True
0,78151,1,0.0006146167870610952,0.0006146167870610952,False,True,False
0,78393,1,0.11395050585269928,0.11395050585269928,False,True,False
0,80169,5,0.00010610895697027445,-4.695206880569458e-05,False,False,True
0,81415,1,0.01133163645863533,0.01133163645863533,False,True,False
0,81578,2,0.27619386464357376,-0.13068124651908875,False,True,True
0,85859,1,0.08637141436338425,-0.08637141436338425,False,False,True
0,86160,1,0.36853928631171584,-0.36853928631171584,False,False,True
0,86318,4,0.00011323904618620872,-2.524274168536067e-05,False,True,True
0,86516,1,0.011628161650151014,-0.011628161650151014,False,False,True
0,87863,1,0.00023969542235136032,-0.00023969542235136032,False,False,True
0,90806,1,0.0017978223040699959,-0.0017978223040699959,False,False,True
0,91161,3,0.07107625808566809,-0.02353758007908861,False,True,True
0,92526,2,0.0009124705102294683,-0.000530257704667747,False,False,True
0,94557,1,0.012809231877326965,0.012809231877326965,False,True,False
0,94864,4,0.0001514754258096218,-2.983806189149618e-05,False,True,True
0,97977,1,0.6891847033984959,-0.6891847033984959,False,False,True
0,100082,1,0.10314490087330341,0.10314490087330341,False,True,False
0,102521,1,0.08217384526506066,-0.08217384526506066,False,False,True
0,102608,1,0.07358007878065109,-0.07358007878065109,False,False,True
0,104008,1,0.0027719696518033743,-0.0027719696518033743,False,False,True
0,104020,5,0.002110864035785198,-0.00042015807703137397,False,True,True
0,105444,1,0.07688698079437017,-0.07688698079437017,False,False,True
0,105557,4,0.009293823502957821,-0.0017428221181035042,False,True,True
0,106789,1,0.007975757587701082,-0.007975757587701082,False,False,True
0,107592,1,0.013906155712902546,-0.013906155712902546,False,False,True
0,110319,2,0.00034027895890176296,-0.00022112869191914797,False,False,True
0,117913,3,0.00010780058801174164,-8.686981163918972e-05,False,False,True
0,118864,1,0.27202222496271133,-0.27202222496271133,False,False,True
0,120320,1,0.001383256632834673,-0.001383256632834673,False,False,True
0,120496,2,0.09302306361496449,-0.04617577698081732,False,True,True
0,121010,2,0.006516903638839722,-0.003444019937887788,False,False,True
0,121446,1,0.20841644005849957,-0.20841644005849957,False,False,True
0,123530,2,0.004659518599510193,-0.004540480673313141,False,False,True
0,124229,1,0.039571214467287064,-0.039571214467287064,False,False,True
0,124836,2,0.0010455159936100245,-0.0007415261352434754,False,False,True
0,125393,1,0.8966032853350043,-0.8966032853350043,False,False,True
0,128506,1,0.012566558085381985,-0.012566558085381985,False,False,True
0,129169,2,0.02390589565038681,-0.004393939860165119,False,True,True
0,129282,1,0.0006972968112677336,0.0006972968112677336,False,True,False
0,130189,2,0.0017681785393506289,-0.0006650962168350816,False,True,True
0,132850,1,0.012425992637872696,-0.012425992637872696,False,False,True
0,134107,2,0.005544872954487801,-0.0032966785365715623,False,False,True
0,134809,2,0.016541951335966587,-0.010098065249621868,False,False,True
0,135091,1,0.0018868856132030487,-0.0018868856132030487,False,False,True
0,136340,2,0.00043144705705344677,-0.00026294076815247536,False,False,True
0,137053,3,0.003904996206983924,-0.0014229359415670235,False,False,True
0,138246,1,0.0005576196126639843,-0.0005576196126639843,False,False,True
0,143087,1,0.23037250991910696,-0.23037250991910696,False,False,True
0,143739,1,0.0041573988273739815,-0.0041573988273739815,False,False,True
0,145607,2,0.03251655399799347,-0.016479281708598137,False,False,True
0,149409,3,0.0006784764118492603,-0.0002582035958766937,False,True,True
0,151171,1,0.18621075712144375,-0.18621075712144375,False,False,True
0,151714,2,0.001033900072798133,-0.0003118898021057248,False,True,True
0,152551,1,0.001939733512699604,-0.001939733512699604,False,False,True
0,153375,1,0.001557712908834219,-0.001557712908834219,False,False,True
0,156715,2,0.9373587435111403,-0.46893117344006896,False,False,True
0,159052,1,0.009093831293284893,-0.009093831293284893,False,False,True
0,163356,2,0.0009540736209601164,-0.000581940752454102,False,False,True
0,165036,2,0.0007770424708724022,-0.00048293033614754677,False,False,True
0,167673,2,0.0005201236344873905,-0.00045462464913725853,False,False,True
0,168320,1,0.0019228728488087654,0.0019228728488087654,False,True,False
0,172467,2,0.00025522196665406227,-0.00021400547120720148,False,False,True
0,172666,1,0.9011893570423126,-0.9011893570423126,False,False,True
0,175297,5,0.007662058807909489,-0.0008608495816588401,False,True,True
0,176175,5,0.03818851709365845,-0.018264925479888915,False,True,True
0,176551,3,0.0018524324987083673,-0.0009672411251813173,False,False,True
0,180608,1,0.001572473905980587,-0.001572473905980587,False,False,True
0,180788,1,0.0902592740021646,-0.0902592740021646,False,False,True
0,181987,1,0.008361071348190308,-0.008361071348190308,False,False,True
0,184025,1,0.731346792075783,-0.731346792075783,False,False,True
0,185067,1,0.0005483415443450212,0.0005483415443450212,False,True,False
0,186096,2,0.005306422710418701,-0.0030297855846583843,False,False,True
0,186591,1,0.11253086477518082,0.11253086477518082,False,True,False
0,189016,1,0.1389171937480569,-0.1389171937480569,False,False,True
0,190019,4,4.109530709683895e-05,-3.0208437237888575e-05,False,False,True
0,192379,1,0.5225407369434834,-0.5225407369434834,False,False,True
0,192541,2,0.000341563718393445,-0.0002824557013809681,False,False,True
0,195779,1,0.05248385667800903,0.05248385667800903,False,True,False
0,196644,1,0.0015578116290271282,-0.0015578116290271282,False,False,True
0,202531,1,0.013822624459862709,-0.013822624459862709,False,False,True
0,204005,3,0.001678695436567068,-0.0005724692406753699,False,True,True
0,204548,1,0.0032622311264276505,-0.0032622311264276505,False,False,True
0,204565,1,0.07663502870127559,-0.07663502870127559,False,False,True
0,209642,1,0.012071912176907063,-0.012071912176907063,False,False,True
0,211569,1,0.0009008916094899178,-0.0009008916094899178,False,False,True
0,212152,1,0.07509985938668251,-0.07509985938668251,False,False,True
0,213328,2,0.0009407452307641506,-0.0007093439344316721,False,False,True
0,213331,1,0.005753243807703257,0.005753243807703257,False,True,False
0,215156,5,0.00012419698759913445,-4.999141674488783e-05,False,False,True
0,216847,1,0.6397876376286149,-0.6397876376286149,False,False,True
0,218560,1,0.0018067192286252975,-0.0018067192286252975,False,False,True
0,219466,1,0.0005343209486454725,0.0005343209486454725,False,True,False
0,225803,1,0.007562616840004921,-0.007562616840004921,False,False,True
0,229768,2,0.0006520759779959917,-0.0005156232509762049,False,False,True
0,231346,1,0.13541793636977673,-0.13541793636977673,False,False,True
0,231586,1,0.002729705534875393,-0.002729705534875393,False,False,True
0,232072,1,0.0001870973501354456,-0.0001870973501354456,False,False,True
0,232581,1,0.3512928131967783,-0.3512928131967783,False,False,True
0,232778,3,0.0004739768337458372,-0.00020455755293369293,False,False,True
0,239782,4,0.0012287257704883814,-2.7269823476672173e-05,False,True,True
0,241002,2,0.026587843894958496,-0.022465020418167114,False,False,True
0,241093,1,0.07598650176078081,-0.07598650176078081,False,False,True
0,247252,2,0.0004495352040976286,-0.0004423735663294792,False,False,True
0,248238,1,0.08313627727329731,-0.08313627727329731,False,False,True
0,249351,1,0.0002819907385855913,-0.0002819907385855913,False,False,True
0,249446,1,0.017243098933249712,-0.017243098933249712,False,False,True
0,254464,1,0.32134346663951874,-0.32134346663951874,False,False,True
0,254603,2,0.032424211502075195,0.011573553085327148,False,True,True
0,258962,2,0.1254710555076599,-0.022969797253608704,False,True,True
0,261641,1,0.009297744370996952,-0.009297744370996952,False,False,True
0,262455,2,0.030568517744541168,-0.017477303743362427,False,False,True
0,263434,1,0.09752437006682158,-0.09752437006682158,False,False,True
0,266821,1,0.006050293333828449,-0.006050293333828449,False,False,True
0,271251,1,0.21197008434683084,-0.21197008434683084,False,False,True
0,272345,1,0.003969046752899885,-0.003969046752899885,False,False,True
0,274674,1,0.08243242697790265,-0.08243242697790265,False,False,True
0,275360,1,0.008969029411673546,-0.008969029411673546,False,False,True
0,275718,2,0.001222316175699234,-0.00025258795358240604,False,True,True
0,277635,1,0.049716935493052006,-0.049716935493052006,False,False,True
0,279016,2,0.002117202850058675,-0.0007072339067235589,False,True,True
0,279796,1,0.026264522224664688,0.026264522224664688,False,True,False
0,279958,4,0.1026606410741806,-0.008390340954065323,False,True,True
0,280239,1,0.0004972054157406092,0.0004972054157406092,False,True,False
0,282711,1,0.09860995830968022,-0.09860995830968022,False,False,True
0,285501,1,0.14157521724700928,-0.14157521724700928,False,False,True
0,287642,1,0.07811364950612187,-0.07811364950612187,False,False,True
0,288345,1,0.07335817813873291,0.07335817813873291,False,True,False
1,1988,1,0.07246667146682739,-0.07246667146682739,True,False,True
1,2122,1,0.13104960322380066,0.13104960322380066,False,True,False
1,2915,1,0.026302874088287354,-0.026302874088287354,False,False,True
1,7437,14,0.0656166672706604,-0.005302312118666512,False,True,True
1,8614,1,0.789365142583847,-0.789365142583847,False,False,True
1,12115,2,0.03212365508079529,-0.014682114124298096,False,True,True
1,14814,5,0.0625876858830452,-0.011413782835006714,False,True,True
1,15780,1,0.19761913269758224,-0.19761913269758224,False,False,True
1,16202,3,0.006753146648406982,-0.0020179152488708496,False,True,True
1,16276,1,0.00493286270648241,-0.00493286270648241,False,False,True
1,22563,9,0.29304632544517517,0.006629212035073174,False,True,True
1,24386,1,0.017824947834014893,0.017824947834014893,False,True,False
1,25128,1,0.0007085204124450684,0.0007085204124450684,False,True,False
1,27749,1,0.3958475887775421,-0.3958475887775421,False,False,True
1,28246,1,0.0017002224922180176,-0.0017002224922180176,False,False,True
1,34673,1,0.0017099976539611816,-0.0017099976539611816,False,False,True
1,35991,4,0.017085492610931396,0.00716574490070343,False,True,False
1,36576,1,0.002012789249420166,-0.002012789249420166,False,False,True
1,42956,2,0.013324439525604248,-0.010230325162410736,False,False,True
1,43732,2,0.0017715159337967634,-0.0008797752670943737,False,True,True
1,46633,2,0.037745893001556396,0.016844213008880615,False,True,True
1,46634,6,0.008543789386749268,0.002124577760696411,False,True,True
1,46637,1,0.2360309362411499,0.2360309362411499,False,True,False
1,47909,1,0.014240920543670654,0.014240920543670654,False,True,False
1,50591,1,0.19890019297599792,0.19890019297599792,False,True,False
1,51522,1,0.002857804298400879,0.002857804298400879,False,True,False
1,52144,1,0.1879805028438568,0.1879805028438568,False,True,False
1,53325,1,0.13104960322380066,0.13104960322380066,False,True,False
1,53436,1,0.10876703262329102,0.10876703262329102,True,True,False
1,53462,1,0.001830412307754159,-0.001830412307754159,False,False,True
1,56301,2,0.0064904093742370605,0.005428940057754517,False,True,False
1,57874,1,0.017824947834014893,0.017824947834014893,False,True,False
1,60746,2,0.051112085580825806,-0.0465228408575058,False,False,True
1,61025,2,0.14752498269081116,0.04613177478313446,False,True,True
1,63361,1,0.013033032417297363,0.013033032417297363,False,True,False
1,64582,1,0.050334155559539795,0.050334155559539795,False,True,False
1,65871,1,0.03522558510303497,-0.03522558510303497,False,False,True
1,67019,1,0.008199572563171387,-0.008199572563171387,True,False,True
1,67065,4,0.05870020389556885,-0.009052522480487823,False,True,True
1,67303,2,0.01586812734603882,-0.004584699869155884,False,True,True
1,68889,1,0.19890019297599792,0.19890019297599792,False,True,False
1,70238,2,0.01904657483100891,-0.008684083819389343,False,True,True
1,71999,2,0.30718883872032166,0.12735743820667267,False,True,True
1,72192,1,0.4009872227907181,0.4009872227907181,False,True,False
1,74219,3,0.007996916770935059,-0.0007695953051249186,False,True,True
1,75813,1,0.0007085204124450684,0.0007085204124450684,False,True,False
1,75822,1,0.18596214056015015,0.18596214056015015,False,True,False
1,77483,2,0.07296180725097656,-0.0387825071811676,False,False,True
1,77647,2,0.00988893210887909,-0.008503735065460205,False,False,True
1,80391,1,0.002012789249420166,-0.002012789249420166,False,False,True
1,82447,2,0.03888678550720215,-0.021086961030960083,True,False,True
1,83136,1,0.005942180752754211,0.005942180752754211,False,True,False
1,85059,1,0.29255279898643494,-0.29255279898643494,False,False,True
1,87658,1,0.16653507947921753,0.16653507947921753,False,True,False
1,88076,1,0.06426399946212769,-0.06426399946212769,False,False,True
1,88309,1,0.12427363730967045,-0.12427363730967045,False,False,True
1,88904,2,0.0693463385105133,-0.04295307397842407,False,False,True
1,92176,1,0.033933281898498535,-0.033933281898498535,False,False,True
1,94431,1,0.0016915202140808105,-0.0016915202140808105,False,False,True
1,94874,1,0.5654852092266083,-0.5654852092266083,False,False,True
1,94949,1,0.014392554759979248,-0.014392554759979248,False,False,True
1,95425,1,0.3398011326789856,-0.3398011326789856,True,False,True
1,96766,2,0.005360140698030591,-0.003526021959260106,False,False,True
1,97161,1,0.017824947834014893,0.017824947834014893,False,True,False
1,97629,1,0.05924701690673828,-0.05924701690673828,False,False,True
1,97729,1,0.3455658555030823,-0.3455658555030823,False,False,True
1,98163,1,0.017824947834014893,0.017824947834014893,False,True,False
1,98290,1,0.01651742123067379,0.01651742123067379,False,True,False
1,99548,1,0.09425526857376099,0.09425526857376099,False,True,False
1,100777,1,0.017915844917297363,-0.017915844917297363,False,False,True
1,102320,1,0.0008683204650878906,0.0008683204650878906,False,True,False
1,102444,1,0.018266037106513977,0.018266037106513977,False,True,False
1,102927,1,0.05469498038291931,0.05469498038291931,False,True,False
1,104074,1,0.17292481660842896,0.17292481660842896,True,True,False
1,107771,2,0.006701657082885504,-0.005096986424177885,False,False,True
1,107862,1,0.13112664222717285,0.13112664222717285,False,True,False
1,109044,1,0.0005052089691162109,0.0005052089691162109,False,True,False
1,109748,3,0.0002792163286358118,-0.00023550175440808138,False,False,True
1,111570,1,0.022662341594696045,-0.022662341594696045,False,False,True
1,111571,5,0.015575945377349854,-0.004490065574645996,False,False,True
1,111572,8,0.004372358322143555,-0.0008436888456344604,False,True,True
1,112043,1,0.0014116514939814806,-0.0014116514939814806,False,False,True
1,112368,2,0.014152944087982178,0.010677307844161987,False,True,False
1,112665,2,0.02155303955078125,-0.013625174760818481,False,False,True
1,115768,1,0.19890019297599792,0.19890019297599792,False,True,False
1,118151,2,0.02579563856124878,-0.01544363796710968,False,False,True
1,126736,1,0.0754692554473877,0.0754692554473877,False,True,False
1,129617,2,0.05197330750524998,-0.019287155009806156,False,True,True
1,129618,12,0.028390660881996155,-0.0018689535403003295,False,True,True
1,134393,1,0.03870970010757446,-0.03870970010757446,True,False,True
1,135318,1,0.00462682731449604,0.00462682731449604,False,True,False
1,139343,13,0.012801699340343475,-0.000683227195762671,False,True,True
1,141018,1,0.029650598764419556,0.029650598764419556,False,True,False
1,143697,1,0.1849814923480153,-0.1849814923480153,False,False,True
1,143717,1,0.28268253803253174,-0.28268253803253174,False,False,True
1,144444,1,0.0007085204124450684,0.0007085204124450684,False,True,False
1,148480,1,0.511581152677536,0.511581152677536,False,True,False
1,150306,1,0.000732719898223877,0.000732719898223877,False,True,False
1,153653,1,0.011450707912445068,0.011450707912445068,False,True,False
1,154707,1,0.06189453601837158,-0.06189453601837158,False,False,True
1,155496,1,0.050976308062672615,-0.050976308062672615,False,False,True
1,156726,1,0.13170897960662842,0.13170897960662842,False,True,False
1,158841,1,0.017824947834014893,0.017824947834014893,False,True,False
1,159997,2,0.030456513166427612,-0.009716913104057312,False,True,True
1,162928,1,0.32876455783843994,-0.32876455783843994,False,False,True
1,163608,1,0.013833999633789062,-0.013833999633789062,False,False,True
1,165429,3,0.0036062272265553474,0.0006423828502496084,False,True,True
1,168435,2,0.01815122365951538,-0.008718207478523254,False,True,True
1,173231,1,0.3430374264717102,0.3430374264717102,False,True,False
1,176866,2,0.006003260612487793,-0.0036207735538482666,False,False,True
1,177767,1,0.012605547904968262,0.012605547904968262,False,True,False
1,178656,1,0.6253400444984436,-0.6253400444984436,False,False,True
1,179707,2,0.0309908390045166,-0.013607531785964966,False,True,True
1,179885,1,0.017824947834014893,0.017824947834014893,False,True,False
1,180653,1,0.056435585021972656,-0.056435585021972656,False,False,True
1,185803,1,0.24244177341461182,-0.24244177341461182,False,False,True
1,186169,2,0.011717140674591064,-0.008589297533035278,False,False,True
1,187342,1,0.0002123471349477768,-0.0002123471349477768,False,False,True
1,188832,2,0.0028349757194519043,-0.0010274946689605713,False,True,True
1,189193,2,0.03066958487033844,-0.014556333422660828,False,True,True
1,191415,1,0.0024581062607467175,-0.0024581062607467175,False,False,True
1,192588,1,0.000732719898223877,0.000732719898223877,False,True,False
1,195740,1,0.015607530251145363,-0.015607530251145363,False,False,True
1,196822,1,0.000732719898223877,0.000732719898223877,False,True,False
1,198008,1,0.15484008193016052,-0.15484008193016052,False,False,True
1,198589,1,0.22026244923472404,-0.22026244923472404,False,False,True
1,199123,1,0.24992471933364868,0.24992471933364868,False,True,False
1,206144,2,0.03297531604766846,-0.0245341956615448,False,False,True
1,210318,1,0.03271448612213135,-0.03271448612213135,False,False,True
1,212285,1,0.09487402439117432,0.09487402439117432,True,True,False
1,212613,1,0.36065608263015747,-0.36065608263015747,False,False,True
1,212839,3,0.013168249279260635,-0.005809895694255829,False,True,True
1,213518,1,0.000732719898223877,0.000732719898223877,False,True,False
1,219648,1,0.13025641441345215,0.13025641441345215,False,True,False
1,220036,2,0.005736154038459063,-0.0036248730029910803,False,False,True
1,221247,1,0.15735556930303574,-0.15735556930303574,False,False,True
1,222576,1,0.4422871619462967,-0.4422871619462967,False,False,True
1,224114,1,0.7249528467655182,-0.7249528467655182,True,False,True
1,226299,2,0.12491488456726074,-0.05199830234050751,False,True,True
1,231181,1,0.0010007619857788086,0.0010007619857788086,False,True,False
1,232266,1,0.013232588768005371,0.013232588768005371,False,True,False
1,232456,1,0.028359465301036835,-0.028359465301036835,False,False,True
1,236057,1,0.03924103081226349,0.03924103081226349,False,True,False
1,237552,1,0.030296385288238525,0.030296385288238525,False,True,False
1,242903,1,0.06647270917892456,0.06647270917892456,True,True,False
1,243983,2,0.002371101640164852,-0.002227312419563532,False,False,True
1,245307,1,0.016732394695281982,0.016732394695281982,False,True,False
1,246310,2,0.06756001710891724,-0.04264536499977112,False,False,True
1,246550,6,0.24772365391254425,0.031217652062575024,False,True,True
1,246734,1,0.13104960322380066,0.13104960322380066,False,True,False
1,247326,2,0.07309472560882568,-0.03565987944602966,False,True,True
1,247713,1,0.0602908730506897,0.0602908730506897,False,True,False
1,248227,2,0.1392427682876587,0.02809491753578186,False,True,True
1,249270,1,0.002671480178833008,0.002671480178833008,False,True,False
1,249639,1,0.035592734813690186,0.035592734813690186,False,True,False
1,250362,1,0.28218699246644974,-0.28218699246644974,False,False,True
1,268638,2,0.006362974643707275,-0.005655050277709961,False,False,True
1,271678,3,0.03441810607910156,-0.023421376943588257,False,False,True
1,271915,2,0.0011210618540644646,-0.0005447445437312126,False,True,True
1,275156,3,0.006781458854675293,-0.005813757578531901,False,False,True
1,280420,5,0.01202702522277832,-0.00935274362564087,False,False,True
1,286592,15,0.03257250785827637,-0.0003859440485636393,False,True,True
1,291073,1,0.05588996410369873,-0.05588996410369873,False,False,True
1,291091,4,0.005433142185211182,-0.0036051124334335327,False,False,True
